{
  "nombre": "Actividad 1",
  "descripcion": "Realiza la siguiente actividad de forma que puedas obtener tus propios resultados",
  "contenido": [
    {
      "nombre": "Introduccion",
      "contenido": "Lorem ipsum dolor sit amet, consectetur adipisicing elit. Quidem error maiores et  spernatur, nisi, nulla perspiciatis ipsum rerum aperiam, tempora facilis totam adipisci omnis. Quas, ut aut suscipit labore modi. Lorem ipsum dolor sit amet, consectetur adipisicing elit. Doloribus ex delectus molestias nihil aliquam culpa expedita saepe dicta tempore quibusdam blanditiis minus velit ullam, eaque suscipit nisi. Eveniet a, repudiandae! Lorem ipsum dolor sit amet, consectetur adipisicing elit. Alias, fugit, illo error minus dicta, ratione ipsum explicabo ducimus saepe expedita velit eius? Ea libero incidunt cumque sapiente aliquam quos esse. <br><img src='multimedia/images/image.jpg'/><br>Lorem ipsum dolor sit amet, consectetur adipisicing elit. Perspiciatis reprehenderit modi debitis eaque! Exercitationem eum quaerat eligendi cum beatae iure repudiandae totam tempore reprehenderit corrupti dicta tempora, mollitia alias nesciunt."
    },
    {
      "nombre": "Teoria basica",
      "contenido": " Lorem ipsum dolor sit amet, consectetur adipisicing elit. Quidem error maiores et aspernatur, nisi, nulla perspiciatis ipsum rerum aperiam, tempora facilis totam adipisci omnis. Quas, ut aut suscipit labore modi."
    },
    {
      "nombre": "Metodos",
      "contenido": "Lorem ipsum dolor sit amet, consectetur adipisicing elit. Quidem error maiores et  spernatur, nisi, nulla perspiciatis ipsum rerum aperiam, tempora facilis totam adipisci omnis. Quas, ut aut suscipit labore modi."
    },
    {
      "nombre": "Buenas practicas",
      "contenido": 
      "Lorem ipsum dolor sit amet, consectetur adipisicing elit. Quidem error maiores et aspernatur, nisi, nulla perspiciatis ipsum rerum aperiam, tempora facilis totam adipisci omnis. Quas, ut aut suscipit labore modi."
    },
    {
      "nombre": "Concluciones",
      "contenido": 
      "Lorem ipsum dolor sit amet, consectetur adipisicing elit. Quidem error maiores et aspernatur, nisi, nulla perspiciatis ipsum rerum aperiam, tempora facilis totam adipisci omnis. Quas, ut aut suscipit labore modi."
    }
  ]
}
