{
  "nombre": "Las organizaciones como sistemas",
  "descripcion": "Las organizaciones como sistemas son un todo, hay que visualizarlos como sistemas y un sistema es un conjunto de elementos interactúantes que requiere del ambiente para sus necesidades.",
  "referencias": "http://misapuntesdisenoorganizacional.blogspot.mx/2009/04/las-organizaciones-como-siste-mas-las.html",
  "contenido": [
    {
      "nombre": "La organizacion como sistema abierto",
      "contenido": "Las organizaciones son unidades sociales intencionalmente construidas y reconstruidas para lograr objetivos específicos.<br>Existen dos tipos de sistemas: <br>Conjunto de elementos dinámicamente relacionados, en interacción que desarrollan una actividad para lograr un objetivo o propósito, operando con datos, energía, materia, unidos al ambiente que rodea el sistema y para suministrar información, energía, materia.<br><br>Posee numerosas entradas y salidas. Para relacionarse con el ambiente externo, sus relaciones de causa y efecto son indeterminados.<br><br>Un sistema consta de cuatro elementos primordiales:<br>Entradas: Mediante ellas el sistema consigue los recursos e insumos necesarios para su alimentación y nutrición.<br>Procesamiento: Transforma las entradas en salidas o resultados<br>Salidas: Resultado de la operación del sistema. Por medio de ella el sistema envía el producto resultante al ambiente externo.<br>Retroalimentación: Constituye una acción de retorno; es positiva cuando la salida por ser mayor estimula y amplía las entradas para incrementar el funcionamiento del sistema, es negativa cuando la salida por ser menor restringe y reduce la entrada para disminuir la marcha del sistema."
    },
    {
      "nombre": "La organizacion como sistema cerrado",
      "contenido": "Herbert Spencer afirmaba a principios del siglo XX:<br>Un organismo social se asemeja a un organismo individual en los siguientes rasgos esenciales:<br><br>·En el crecimiento.<br>·En el hecho de volverse más complejo a medida que crece.<br>·En el hecho de que haciéndose más complejo, sus partes exigen una creciente interdependencia.<br>·Porque su vida tiene inmensa extensión comparada con la vida de sus unidades componentes.<br>·Porque en ambos casos existe creciente integración acompañada por creciente heterogeneidad.<br>Según la teoría estructuralista, Taylor, y Weber usaron el modelo racional, enfocando las organizaciones como un sistema cerrado. Los sistemas son cerrados cuando están aislados de variables externas y cuando son determinísticos en lugar de probabilísticos. Un sistema determinístico es aquel en que un cambio específico en una de sus variables producirá un resultado particular con certeza. Así, el sistema require que todas sus variables sean conocido y controlable o previsible. Según Fayol la eficiencia organizacional siempre prevalecerá si las variables organizacionales son controladas dentro de ciertos límites conocidos.<br><br>Características de las organizaciones como sistemas cerrados:<br>Las organizaciones poseen todas las características de los sistemas cerrados. Algunas características básicas de las organizaciones son:<br>1. Comportamiento probabilístico y no-determinístico de las organizaciones: la organización se afectada por el ambiente y dicho ambiente es potencialmente sin fronteras e incluye variables desconocidas e incontroladas. Las consecuencias de los sistemas sociales son probabilísticas y no-determinísticas. El comportamiento humano nunca es totalmente previsible, ya que las personas son complejas, respondiendo a diferentes variables. Por esto, la administración no puede esperar que consumidores, proveedores, agencias reguladoras y otros, tengan un comportamiento previsible.<br>2. Las organizaciones como partes de una sociedad mayor y constituida de partes menores: las organizaciones son vistas como sistemas dentro de sistemas. Dichos sistemas son complejos de elementos colocados en interacción, produciendo un todo que no puede ser comprendido tomando las partes independientemente. Talcott Parsons indicó sobre la visión global, la integración, destacando que desde el punto de vista de organización, esta era un parte de un sistema mayor, tomando como punto de partida el tratamiento de la organización como un sistema social, siguiente el siguiente enfoque:<br>· La organización se debe enfocar como un sistema que se caracteriza por todas las propiedades esenciales a cualquier sistema social.<br>· La organización debe ser abordada como un sistema funcionalmente diferenciado de un sistema social mayor.<br>· La organización debe ser analizada como un tipo especial de sistema social, organizada en torno de la primacía de interés por la consecución de determinado tipo de meta sistemática.<br>· Las características de la organización deben ser definidas por la especie de situación en que necesita operar, consistente en la relación entre ella y los otros subsistemas, componentes del sistema mayor del cual parte. Tal como si fuera un sociedad.<br><br>1. Interdependencia de las partes: un cambio en una de las partes del sistema, afectará a las demás. Las interacciones internas y externas del sistema reflejan diferentes escalones de control y de autonomía.<br><br>2. Homeostasis o estado firme: la organización puede alcanzar el estado firme, solo cuando se presenta dos requisitos, la unidireccionalidad y el progreso. La unidireccionalidad significa que a pesar de que haya cambios en la empresa, los mismos resultados o condiciones establecidos son alcanzados. El progreso referido al fin deseado, es un grado de progreso que está dentro de los límites definidos como tolerables. El progreso puede ser mejorado cuando se alcanza la condición propuesta con menor esfuerzo, mayor precisión para un esfuerzo relativamente menor y bajo condiciones de gran variabilidad. La unidireccionalidad y el progreso solo pueden ser alcanzados con liderazgo y compromiso.<br><br>3. Fronteras o límites: es la línea que demarca lo que está dentro y fuera del sistema. Podría no ser física. Una frontera consiste en una línea cerrada alrededor de variables seleccionadas entre aquellas que tengan mayor intercambio (de energía, información) con el sistema. Las fronteras varían en cuanto al grado de permeabilidad, dicha permeabilidad definirá el grado de apertura del sistema en relación al ambiente.4. Morfogénesis: el sistema organizacional, diferente de los otros sistemas mecánicos y aun de los sistemas biológicos, tiene la capacidad de modificar sus maneras estructurales básicas, es identificada por Buckley como su principal característica identificadora."
    },
    {
      "nombre": "Gestión empresarial (Video)",
      "tipo": "video",
      "url": "1/multimedia/videos/2/admon.mp4"
    }   
  ]
}
