{
  "nombre": "Gestión Empresiaral",
  "descripcion": "La empresa como definió Onida, “es un Instituto apto para perdurar y para ello debe realizar permanentemente una adaptación de todos los elementos de que dispone a las circunstancias coyunturales del momento en que la empresa vive; no es suficiente la adaptación momentánea. <br>Al propio tiempo y simultáneamente ha de crear una programación a plazo para evitar que el beneficio presente sea el origen de un mayor quebranto futuro, o para eliminar el quebranto actual y hacer que el estudio de sus causas sea la base de una futura prosperidad”.(Rubio, 2015, p.2)",
  "referencias": "http://www.adizesca.com/site/assets/g-introduccion_a_la_gestion_empresarial-pr.pdf",
  "contenido": [
    {
      "nombre": "Introduccion",
      "contenido": "Toda empresa o negocio existe únicamente para obtener beneficios. Sin beneficios la empresa pierde su capacidad de crecer y desarrollarse. Como organización se debe competir con otras que realizan idénticos productos o servicios. En un entorno donde por lo general dichos recursos escasean, el empresario debe aplicarfórmulas para persuadir y motivar continuamente a los inversores, para que apoyen su proyecto empresarial. La mayoría de las empresas son de propiedad privada y se las conoce como SECTOR PRIVADO, los cuales estimulan el crecimiento económico gracias a que aprovechan la iniciativa y las inversiones para crear empleos productivos y aumentar los ingresos de la institución empresarial. Una empresa o Departamento del Estado entra dentro del SECTOR PÚBLICO.Aunque ambos tipos de organización tienen que administrar recursos de la forma más eficaz, no ha sido preciso hasta ahora que las empresas del gobierno obtengan beneficios, porque existen diferencias entre los objetivos financieros de las empresas del sector privado y las del Gobierno. Una característica por lo general idéntica para las organizaciones de ambos sectores es la necesidad de tener en cuenta como objetivo final de su actividad al Cliente o Consumidor.En un sentido ético y de buena voluntad a través de un gestión apropiada. Una óptima gestión no busca sólo hacer las cosas mejor, lo más importante es hacer mejor las cosas correctas y en ese sentido es necesario identificar los factores que influyen en el éxito o mejor resultado de la gestión."
    },
    {
      "nombre": "Gestión; (Imagen)",
      "tipo": "imagen",
      "url": "1/multimedia/gestion.jpg"
    },
    {
      "nombre": "Gestión empresarial (Video)",
      "tipo": "video",
      "url": "1/multimedia/videos/3/gestion_empresarial.mp4"
    },      
    {
      "nombre": "Distintas formas de organización empresarial",
      "contenido": "La forma más simple es la figura del propietario, quien es quien lleva la gestión personalmente, asume riesgos y si algo sale mal, es el único responsable respecto a terceros, poniendo en juego todo su patrimonio personal y familiar. Si bien esta persona no sufre de las complejidades y frustraciones de las grandes empresas, bien es verdad que carece de los beneficios de consultar a expertos y especialistas. Por lo general su empresa no crece como él quisiera por carecer de recursos suficientes, de ideas innovadoras y capacidad de obtener financiación adecuada para la misma. Aunque apuesta por su independencia profesional y no tiene que estar sometido a otras directrices que las suyas, solo cuenta con el respaldo de sus propios recursos. <br><br>Este tipo de negocio es adecuado para pequeños comerciantes o talleres, porque tienen poco potencial de crecimiento a largo plazo. Los propietarios que solo piensan en crecer, consideran a veces si la solución es crear una SOCIEDAD, en la que pueden entrar otros socios, o seguir de forma individual. <br><br>Por desgracia estas asociaciones de personas son muy susceptibles a malentendidos y discrepancias entre ellos, y terminan disolviéndose. Esta falta de continuidad dificulta la posibilidad de que la sociedad pueda consolidarse y pierda la oportunidad de ser líder en su sector o gremio, tal como fue diseñada. <br><br>Estos problemas y limitaciones condujeron al concepto de responsabilidad limitada que permitió la formación de sociedades, donde la gestión y la propiedad pueden estar totalmente desvinculadas. <br>Aunque los propietarios o participes arriesgan cierto capital en la empresa, sus pérdidas se limitan a la inversión inicial.Los directores de estas empresas responden ante los propietarios de sus propias acciones pero no son personalmente responsables de las pérdidas de la empresa, si esta no marcha bien. <br>Por esta no responsabilidad, la Ley les exige por el contrario llevar un control permanente de la gestión a través de la Contabilidad para justificar el uso de los recursos puestos a su disposición. De hecho, todas las empresas privadas, incluyendo las de responsabilidad limitada tienen la obligación de presentar en el Registro Mercantil Central las cuentas anuales para su pública consulta, por parte de quien lo requiera. Otras empresas, cuyas acciones puede adquirir el público en general, deben publicar sus cuentas en un completo informe anual. Está claro que en cuanto una empresa adquiere la capacidad de manejar importantes fondos de dinero, sus responsabilidades son mucho mayores. Existen otras alternativas de empresas colectivas muy similares a las descritas anteriormente llamadas Cooperativas, donde el poder de decisión no depende de la persona o personas según el número de acciones o participaciones que posea, sino que cada uno de los miembros de la Cooperativa tiene derecho al mismo voto en la toma de decisiones y dirección de la organización. Los Directivos son elegidos para gestionar la empresa durante un periodo variable de tiempo, y luego son sustituidos por otros cooperativistas. Esta alternancia puede desembocar en una gestión variable lo que propicia casi siempre disparidad de criterios entre los socios. Este tipo de empresa es el adecuado para comunidades de productores localizados en núcleos de poblaciones, sobre todo rurales, y la gestión corresponde directamente y constantemente a los miembros de la organización que normalmente son la misma mano de obra. <br>Aunque la meta, como en cualquier empresa, es conseguir beneficios para que la organización siga adelante, existe entre otros, un objetivo primordial: el control político de los recursos"
    },
    {
      "nombre": "El control de gestión",
      "contenido": 
      " Para realizar un buen control de la gestión de una empresa, se deben tener en cuenta tres funciones principales: Cual será la finalidad y la misión de la organización definiendo claramente sus objetivos. <br>Preparación del personal de la empresa para que trabaje con eficacia a través del reciclaje y de la formación permanente. Identificar - mejorando o corrigiendo - los impactos de los cambios sociales que puedan afectar a la organización,teniendo en cuenta sus efectos y adaptarlos convenientemente al objetivo y misión de la organización. Aunque estas funciones principales se estudian con mayor detalle en temas posteriores, hemos de hacer hincapié aquí en que el trabajo de la gestión exige al director de la empresa cualidades excepcionales. El dirigente en las sociedades industriales actuales ocupa un puesto de responsabilidad y liderazgo, similar al que en épocas pasadas ocupaban militares y sacerdotes. <br>Para concebir el papel de la gestión en el mundo de la empresa es esencial comprender que  las personas tienen una naturaleza orgánica en vez de mecánica. En definitiva, nos parecemos más a los sistemas del mundo natural que al de las máquinas. <br><br>Una empresa progresa a través de un complicado desarrollo de relaciones que afectan a toda su organización, en vez de un comportamiento, según unos principios simples de causa- efecto. Pongamos un ejemplo, entre un cuerpo humano y un automóvil: si una pieza del coche falla, es posible que afecte al funcionamiento del mismo durante un determinado tiempo hasta que ésta se sustituye por otra, y el coche funcionará como antes de la avería. Pero si una parte del cuerpo humano falla, seguro que afectará a todo el organismo, incluso a sus partes intangibles, como son el humor, los sentimientos, el apetito, etc. Tal vez se pueda reemplazar ese órgano, o quizás no, pero el mero hecho de sustituirlo alterará el ciclo vital de la persona. En muchos aspectos el organismo de la persona nunca podrá funcionar como antes de la operación. Habrá cambiado, incluso tal vez haya mejorado, pero nunca será igual. Otro elemento comparativo, es el paso del tiempo y su efecto en toda la organización. En el ejemplo del coche, las partes mecánicas se desgastarán con el tiempo, pero al estar normalizadas, podrá ser sustituidas por otras según un programa de mantenimiento que permitirá al vehículo seguir funcionando. <br><br>En el caso de las personas, con el tiempo irán cambiando: la percepción, la experiencia, la motivación. El proceso de envejecimiento afectará su actitud y su comportamiento. Además, los grupos de personas dentro de la organización actúan de forma distinta según el estadiode la vida en que se encuentren. Todo cambio impuesto en el grupo, por ejemplo - cambio en el personal -alterará su naturaleza, incluso sus expectativas. Este ejemplo determina la importancia que en la gestión general de la empresa tiene el desarrollo de los Recursos Humanos. Por tanto es básico que el responsable de esta función conozca los aspectos esenciales de la organización y no considere ésta como un mero sistema mecánico, si no, fracasará sin duda en sus objetivos. Este hecho es el que hace que la labor de los directivos, en este campo, sea un reto permanente.<br><br>La forma en que cambien, para bien o para mal, se deberá en gran parte a las habilidades 'humanas' del gestor. La vinculación entre proyecto económico y cultura de la empresa son tan fuertes, que en algunas empresas se confunden ambos aspectos. Podemos afirmar que, la gestión de los Recursos Humanos tiene un papel muy importante en la estrategia de la empresa, mucho más importante del que ha desempeñado tradicionalmente."
    },
    {
      "nombre": "Conceptos",
      "contenido": 
      " PLANIFICACIÓN <br>‘Tener una visión global de la empresa y su entorno, tomando decisiones concretas sobre objetivos concretos’ <br><br>ORGANIZACIÓN<br>‘Obtener el mejor aprovechamiento de las personas y de los recursos disponibles para obtener resultados’<br><br>PERSONAL<br>‘El entusiasmo preciso para organizar y motivar a un grupo especifico de personas’<br><br>DIRECCIÓN<br>‘Un elevado nivel de comunicación con su personal y habilidad para crear un ambiente propicio para alcanzar los objetivos de eficacia y rentabilidad de la empresa’<br><br>CONTROL <br>‘Cuantificar el progreso realizado por el personal en cuanto a los objetivos marcados’<br><br>REPRESENTATIVIDAD <br>‘El Gerente es la personalidad’ que representa a la organización ante otras organizaciones similares, gubernamentales, proveedores, instituciones financieras, etc.’ "
    }
  ]
}
