{
  "nombre": "Concept",
  "descripcion": "v ",
  "referencias": "http://es.scribd.com/doc/190325946/Finalidad-de-la-Gestion-Empresarial#scribd",
  "contenido": [
    {
      "nombre": "Objetivos y Finalidad ",
      "contenido": "¿Hasta este momento te has preguntado cual es la finalidad de la gestión empresarial? <br>Te explicare un poco… <br>La  gestión empresarial tiene como principal propósito los cambios tecnológicos que acontecen al mundo día con día. Estos cambios se derivan de la constante necesidad de la sociedad de obtener nuevos productos que sean actualizados, vanguardistas y a un precio considerable. La correcta gestión en una empresa se considera de suma importancia porque nos permite crear una estructura global delos mercados y por ende una mayor demanda de calidad y servicios en los productos.Gestionar adecuadamente una empresa implica lograr esfuerzos conjuntos, cumplir las metas y objetivos planteados, y obtener resultados satisfactorios. Lograr que el personal se sienta a gusto trabajando en la empresa y gusto consigo mismo."
    },
    {
      "nombre": "Funciones Principales de la Gestión Empresarial",
      "contenido": " Seguramente en este momento te has de preguntar cuáles son las funciones principales,las cuales te las he separado por puntos:<br>Se puede decir que el concepto de gestión aplicado a la administración de empresas obliga a que la misma cumpla con cuatro funciones fundamentales para el desempeño de la empresa:<br><br>- La primera de esas funciones es la Planificación: se utiliza para combinar los recursos con el fin de planear nuevos proyectos que puedan resultar redituables para la empresa, en términos más específicos se refiere a la planificación como la visualización global de toda la empresa y su entorno correspondiente, realizando la toma de decisiones concretas que pueden determinar el camino más directo hacia los objetivos planificados. <br>- La segunda función que le corresponde cumplir al concepto de gestión es la Organización: donde se agruparan todos los recursos con los que la empresa cuenta, haciendo que trabajen en conjunto, para así obtener un mayor aprovechamiento de los mismos y tener más posibilidades de obtener resultados. <br>- La Dirección de la empresa en base al concepto de gestión implica un muy elevado nivel de comunicación por parte de los administradores para con los empleados, y esto nace a partir de tener el objetivo de crear un ambiente adecuado de trabajo y así aumentar la eficacia del trabajo de los empleados aumentando las rentabilidades de la empresa.<br>- El Control es la función final que debe cumplir el concepto de gestión aplicado a la administración, ya que de este modo se podrá cuantificar el progreso que ha demostrado el personal empleado en cuanto a los objetivos que les habían sido marcados desde un principio. <br>Teniendo en cuenta lo antes mencionado, se puede notar la eficiencia que posee el hecho de llevar a cabo la administración de empresas en base al concepto de gestión. El mismo aporta un nivel mucho más alto de organización, permitiendo así que la empresa pueda desempeñarse muy bien en su área de trabajo. En el caso de que emprenda un nuevo negocio o una empresa, con el objetivo de que la misma llegue a grandes estatutos empresariales, se recomienda entonces que la administración correspondiente a su empresa se encuentre regida por el concepto de gestión, y de esta manera se aumentaran los niveles de posible éxitos que se pueda tener en la empresa. <br><br>Si  te queda alguna otra duda, puedes consultar los siguientes links:<br>http://www.ebah.com.br/content/ABAAABJKUAF/libro-gestion-empresarial<br>http://www.ecured.cu/Gesti%C3%B3n_empresarial<br> http://www.adizesca.com/site/assets/g-introduccion_a_la_gestion_empresarial-pr.pdf "
    },
    {
      "nombre": "Funciones; (Imagen)",
      "tipo": "imagen",
      "url": "1/multimedia/funciones.jpg"
    },
    {
      "nombre": "Funciones (Video)",
      "tipo": "video",
      "url": "1/multimedia/videos/6/funciones_gestion.mp4"
    },
  ]
}
