{
  // Tema 1
  "nombre": "Introduccion a la Economia",
  "descripcion": "descripcion de el tema",
  "contenido": [
    {
      //Subtema 1
      "nombre": "Introduccion",
      "contenido": 
      "
        Lorem ipsum dolor sit amet, consectetur adipisicing elit. Quidem error maiores et  spernatur, nisi, nulla perspiciatis ipsum rerum aperiam, tempora facilis totam adipisci omnis. Quas, ut aut suscipit labore modi.
        <img src='multimedia/images/image.jpg'/>
        Lorem ipsum dolor sit amet, consectetur adipisicing elit. Perspiciatis reprehenderit modi debitis eaque! Exercitationem eum quaerat eligendi cum beatae iure repudiandae totam tempore reprehenderit corrupti dicta tempora, mollitia alias nesciunt.
      "
    },
    {
      //Subtema 2
      "nombre": "Teoria basica",
      "contenido": 
      "
        Lorem ipsum dolor sit amet, consectetur adipisicing elit. Quidem error maiores et aspernatur, nisi, nulla perspiciatis ipsum rerum aperiam, tempora facilis totam adipisci omnis. Quas, ut aut suscipit labore modi.
      "
    },
    {
      //Subtema 3
      "nombre": "Metodos",
      "contenido": 
      "
        Lorem ipsum dolor sit amet, consectetur adipisicing elit. Quidem error maiores et  spernatur, nisi, nulla perspiciatis ipsum rerum aperiam, tempora facilis totam adipisci omnis. Quas, ut aut suscipit labore modi.
      "
    },
    {
      //Subtema 4
      "nombre": "Buenas practicas",
      "contenido": 
      "
        Lorem ipsum dolor sit amet, consectetur adipisicing elit. Quidem error maiores et aspernatur, nisi, nulla perspiciatis ipsum rerum aperiam, tempora facilis totam adipisci omnis. Quas, ut aut suscipit labore modi.
      "
    },
    {
      //Subtema 5
      "nombre": "Concluciones",
      "contenido": 
      "
        Lorem ipsum dolor sit amet, consectetur adipisicing elit. Quidem error maiores et aspernatur, nisi, nulla perspiciatis ipsum rerum aperiam, tempora facilis totam adipisci omnis. Quas, ut aut suscipit labore modi.
      "
    }
  ]
}
