﻿{
  "nombre": "Capital Humanano",
  "descripcion": "Se analizará que es el capital humano y como debe actuar un gestor empresarial",
  "referencias": "referencias, links, etc aqui.",
  "contenido": [
    {
      "nombre": "¿Qué es el capital humano?",
      "contenido": "El capital humano es el valor económico que tiene la mayor capacidad productiva de un individuo, o del conjunto de trabajadores de una empresa o de un país. Esto será el fruto de mayores conocimientos e influyen diversos factores que inciden en la productividad de un individuo, como pueden ser la fuerza física, inteligencia, habilidades, la familia, los estudios, la vida e incluso las condiciones de trabajo, el apoyo de la empresa, entre otras. Estos factores influyen directamente en las diferencias de rentas o salarios de la mano productiva. Como gestor de una empresa, uno debe comprender e interesarse en el capital humano, pues será la base del desarrollo económico de su empresa, sin importar si esta va iniciando o lleva ya años operando. La gerencia de recursos humanos, debe velar por el capital humano, a través de esta se podrán implementar acciones y programas para mejorar el desempeño del personal, así como llevar el control del mismo, esto dará múltiples beneficios empresariales y por ende económicos que son importantes para la gestión de una empresa."
    },
    {
      "nombre": "Capital humano",
      "tipo": "imagen",
      "url": "multimedia/images/capital.jpg"
    },
    {
      "nombre": "Y… ¿Por qué es importante una gerencia de recursos humanos?",
      "contenido": " Muchas empresas consideran que el activo más importante es la mano de obra, pues consideran de importancia el rol que desempeñan los trabajadores para éxito organizacional. La gerencia tendrá el rol de entrevistar a nuevos candidatos, capacitarlos para las tareas que desempeñará, así como seguir progresivamente su desempeño laboral en la empresa. <br>Podría considerarse que una GHR es una herramienta estratégica ya que diversos estudios han concluido que los recursos humanos de una organización pueden ser una fuente importante de ventaja competitiva, aplicando esto a cualquier organización del mundo. El índice de capital humano, estudio global integral de más de 2000 empresas, concluyó que los RH orientados hacia el personal pueden ser una verdadera fuente de ventaja competitiva. <br>Lograr el éxito competitivo a través del personal requiere un cambio fundamental en la manera que tienen los gerentes de ver a sus empleados y a su relación laboral con ellos. ellos. Esto implica trabajar con el personal y a través de éste y verlo como socio, no sólo como costos que se deben minimizar o evitar. Otra de las prácticas de GRH de una organización es que producen un impacto significativo en el rendimiento organizacional de los trabajadores. Existen prácticas que pueden mejorar el valor del mercado y la producción de una organización, estas prácticas suelen llamarse “Prácticas laborales de alto rendimiento”, las cuales conducen, como dice su nombre, a un rendimiento alto, tanto individual como organizacional. El objetivo de estas suele ser el compromiso para mejorar los conocimientos, las destrezas y habilidades de una organización, es decir brindarles una capacitación, también el al mismo tiempo se anima a los empleados que tienen un desempeño bajo a dejar la organización, esto no es más que mera estrategia para conservar a los empleados que logren optimizar el desempeño empresarial.  <br>Cabe destacar, que además de las prácticas laborales de alto rendimiento, existen otras que deben realizar para garantizar que la organización posea personal calificado que lleve a cabo el trabajo que se requiere hacer."
    },
    {
      "nombre": "Proceso de la gerencia de recursos humanos",
      "contenido": "El proceso de gerencia de recursos humanos de una organización empresarial (como se muestra en la figura) consta de ochos actividades necesarias para proveer personal a la organización y mantener un nivel alto de desempeño de los empleados. Las primeras tres actividades aseguran que se identifiquen y contraten empleados competentes; las dos siguientes consisten en proporcional a los empleados conocimientos y destrezas actualizados; y las tres actividades finales implican garantizar que la organización retenga a los empleados competentes, que posean alto nivel de desempeño. Sin olvidar que todo el proceso de la GRH recibe la influencia del ambiente externo, en dicho ambiente se encuentran los sindicatos laborales de los empleados, y las leyes y reglamentaciones gubernamentales.
Un sindicato laboral es una organización que representa a los trabajadores e intenta proteger sus intereses mediante la negociación colectiva. En organizaciones sindicalizadas, los términos de los contratos colectivos regulan muchas decisiones de la GRH. Estos contratos por lo general definen asuntos como las fuentes de reclutamiento, los criterios de contratación, las promociones y los despidos, los requisitos necesarios para tener derecho a la capacitación y las prácticas disciplinarias. Aunque los sindicatos de trabajadores pueden afectar de manera significativa las prácticas de la GRH de una organización, ninguna limitación ambiental puede igualar la influencia de las leyes y reglamentaciones gubernamentales, en especial en América del Norte.
El gobierno federal ha expandido grandemente su influencia en la GRH al promulgar diversas leyes y reglamentaciones. Como resultado, los empleadores de ahora deben garantizar que existan oportunidades de empleo equitativas para los candidatos a un empleo y empleados actuales. Por ejemplo, las decisiones con relación a quién se contratará o qué empleados serán elegidos para un programa de capacitación gerencial deben tomarse sin importar raza, sexo, religión, edad, color, origen nacional o discapacidad. Las excepciones pueden ocurrir sólo cuando existan circunstancias especiales.
Tratar de equilibrar lo que deben hacer o no estas leyes cae con frecuencia dentro de la esfera de la acción afirmativa. Muchas organizaciones tienen programas de acción afirmativa para tener la seguridad de que las decisiones y las prácticas mejoran el empleo, el nivel y la retención de miembros de grupos protegidos, como las minorías y las mujeres. Es decir, la organización no sólo evita la discriminación, sino busca activamente mejorar el estado de los miembros de grupos protegidos.
Aunque las leyes y sindicatos hayan ayudado de forma importante a reducir la discriminación en el empleo y a proteger al empleado, el gerente no es completamente libre de elegir a quien contratará y a quien no, pues se debe apegar a estas leyes para evitar conflictos ante la ley, por ello es importante que el gerente esté al tanto de las mismas para tener éxito en lo referente a los recursos humanos.
"
    },
    {
      "nombre": "Proceso de GRH",
      "tipo": "imagen",
      "url": "multimedia/images/proceso.jpg"
    },
    {
      "nombre": "Planeación de recursos humanos",
      "contenido": 
      "La planeación de recursos humanos es el proceso por el que los gerentes tienen la seguridad de poseer el número y el tipo correcto de empleados, en los lugares adecuados y en el momento oportuno, los cuales tienen la capacidad de desempeñar las tareas asignadas de manera eficiente y eficaz. Por medio de la planeación, las organizaciones pueden evitar la escasez y los excedentes repentinos de talentos. La planeación de RH se puede resumir en dos etapas: <br><br>1) La evaluación de los recursos humanos actuales; y<br><br>2) La evaluación de las necesidades futuras de recursos humanos y el desarrollo de un programa para satisfacer esas necesidades futuras. <br>En la evaluación actual los gerentes revisan la condición de los recursos humanos actuales de la organización, generalmente mediante un inventario de recursos humanos. Esta información se obtiene de las formas que llenan los empleados, e incluyen información como el nombre, nivel de estudios, capacitación, empleos anteriores, idiomas hablados, capacidades especiales y destrezas especializadas. Esto es almacenado en una base de datos que facilita la conservación de la información. <br>Otra parte de la evaluación actual es el análisis de empleos, que es una evaluación que define los empleos y los comportamientos necesarios para llevarlos a cabo. La información para un análisis de empleos se puede obtener directamente por observación o grabando a los individuos en el trabajo, entrevistando a los empleados individualmente o en grupo, haciendo que los empleados llenen un cuestionario estructurado, que “expertos” en empleos (comúnmente gerentes) identifiquen las características específicas de un empleo o que los empleados registren sus actividades diarias en un diario o libreta. <br>Con la información obtenida del análisis de puestos, los gerentes desarrollan las descripciones y las especificaciones de puestos. Una descripción de puestos es una declaración por escrito de lo que realiza un empleado, cómo y por qué lo realiza. Generalmente describe el contenido, el ambiente y las condiciones del empleo. Una especificación de puestos es una declaración de las calificaciones mínimas que una persona debe poseer para desempeñar con éxito un trabajo determinado. Identifica los conocimientos, las destrezas y las actitudes necesarias para realizar el trabajo de manera eficaz. <br><br>En la segunda etapa, se tomará en cuenta la misión, los objetivos y las estrategias de la organización pues estas determinan las necesidades futuras. La demanda de empleados surge de la demanda de productos y servicios de la organización. Con base en el cálculo de sus ingresos totales, los gerentes pueden intentar establecer el número y la mezcla de empleados que se requieren para obtener ese ingreso. <br>Una vez evaluadas las capacidades actuales y las necesidades futuras, los gerentes pueden calcular la escasez de recursos humanos (tanto en número como en tipo) y destacar las áreas en las que la organización tendrá exceso de personal."
    },
    {
      "nombre": "¿Más o menos personal?",
      "contenido": "Si ya se conoce la escasez o excedente de personal, se puede proceder a reclutar o reducir al personal existente. El reclutamiento es el proceso que consiste en ubicar, identificar y atraer candidatos. El proceso de reclutamiento se puede realizar a través de diversas fuentes, es decisión de la gerencia o del departamento de recursos humanos el elegir que método o fuente desea utilizar para atraer a posibles candidatos. Algunos de estas fuentes de reclutamiento son: Internet, referencias de empleados, sitio web de la empresa, reclutamiento en universidades o a través de una organización externa de reclutamiento profesional. Cada una de estas fuentes cuentan con ventajas y desventajas para la organización, sin embargo, estudios han descubierto que la fuente más eficaz son las referencias de empleados, pues en general producen a los mejores candidatos. <br>Por otro lado, si existe un exceso de personal se recurre a la reducción del mismo, está es la tarea menos agradable para el gerente pues, aunque existan muchas maneras de reducirlo no existe una forma fácil de hacerlo por muy necesario que sea. Algunas de las opciones para la reducción de personal son: el despido, ceses laborales, desgaste, transferencias, reducción de semanas de trabajo, jubilación temprana y compartir empleos; estás opciones se pueden aplicar dependiendo del criterio y las decisiones de gerencia, evaluando los beneficios, las desventajas y si el empleado cumple con las condiciones para poder aplicar una opción determinada."
    },
    {
      "nombre": "Reducción de personal",
      "tipo": "imagen",
      "url": "multimedia/images/reduccion.png"
    },
	{
      "nombre": "Inducción",
      "contenido": "La inducción en una organización es aquella que se les da a sus nuevos empleados donde se les presenta una introducción a lo que será su nuevo empleo y la organización del mismo. Existen dos tipos de inducción. La inducción sobre las unidades de trabajo familiariza al empleado con los objetivos de la unidad de trabajo, aclara cómo su trabajo contribuye a lograr los objetivos de la unidad e incluye una presentación con sus nuevos colegas. La inducción sobre la organización informa al nuevo empleado sobre los objetivos, la historia, la filosofía, los procedimientos y las normas de la organización. Esta inducción debe incluir las políticas y prestaciones importantes de recursos humanos, como las horas de trabajo, los procedimientos de pago, los requisitos de horas extra y las prestaciones. Además, un recorrido por las instalaciones de trabajo de la organización forma parte a menudo de la inducción sobre la organización.<br>Los gerentes tienen la obligación de hacer que la integración del nuevo empleado a la organización sea tan suave y libre de ansiedad como sea posible. Necesitan analizar abiertamente las creencias de los empleados con relación a las obligaciones mutuas de la organización y el empleado. La inducción exitosa, ya sea formal o informal, da como resultado una transición, de fuera hacia dentro de la organización, que hace que el nuevo miembro se sienta cómodo y bien adaptado, disminuye la posibilidad de un desempeño laboral deficiente y reduce la probabilidad de que el nuevo empleado presente una renuncia repentina después de una o dos semanas de trabajo."
    },
    {
      "nombre": "Inducción a una empresa",
      "tipo": "video",
      "url": "multimedia/images/induccion.mp4"
    },
    {
      "nombre": "¿Qué gano yo con la capacitación?",
      "contenido": 
      "La capacitación de los empleados es una actividad importante para la GRH. Pues los empleos constantemente exigen cambios y por lo tanto las destrezas de los empleados de los empleados se deben actualizar y modificar. La responsabilidad al decidir qué tipo de capacitación necesitan los empleados y como debe ser la misma recaerá sobre el gerente. Los diversos tipos de capacitación son:<br><br>-	Destrezas interpersonales: Liderazgo, entrenamiento, comunicación, resolución de conflictos, trabajo en equipo, servicio al cliente, conciencia cultural, entre otras.<br><br>-	Técnica: Capacitación y conocimiento de los productos, procesos de ventas, TIC, aplicaciones, entre otras. <br><br>-	Empresarial: Finanzas, marketing, optimización de procesos, planeación estratégica, cultura organizacional. <br><br>-	Obligatoria: Seguridad, salud, acoso sexual y disposiciones legales. <br><br>-	Gestión de desempeño: Capacitación para mejorar el desempeño laboral.<br><br>-	Toma de decisiones: Definición de problemas, evaluación de causas, encontrar alternativas, selección de soluciones. <br><br>-	Personal: Planeación de carreras, administración de tiempo, bienestar, finanzas personales, comunicación, autoestima y conocimiento de uno mismo.<br><br>Otro factor importante en la capacitación es el método que se utilizará para implementar la misma, los empleados pues deben ser evaluados los aspectos para el tipo de personal a tratar. capacitación de empleados se puede proporcionar en formas tradicionales, incluyendo la capacitación en el trabajo, la rotación de empleos, la enseñanza y el adiestramiento, los ejercicios de experiencia, los cuadernos de ejercicios y manuales, o las conferencias en el salón de clases. Sin embargo, muchas organizaciones dependen cada vez más de métodos de capacitación basados en la tecnología, debido a su facilidad de acceso, menor costo y su capacidad para proporcionar información. Los métodos tradicionales se pueden realizar en las tareas del trabajo, rotando empleos, enseñanza y capacitación por parte de un trabajador experimentado, ejercicios de la experiencia realizando simulaciones, cuadernillos de ejercicios y conferencias diseñadas para su aprendizaje. Como podemos ver, existen diversos métodos de capacitación, y en muchas organizaciones tienen a implementar más de uno para hacer dinámica la misma. Por otro lado, los métodos de capacitación basados en tecnología se pueden realizar a través de cintas de video, audio, presentaciones o vía web. En el caso de utilizar tecnología existen menos formas de realizarlo, pero cuentan con el beneficio de ser más dinámicas e innovadoras."
    },
    {
      "nombre": "Capacitación",
      "tipo": "imagen",
      "url": "multimedia/images/Capacitacion.jpg"
    },
    {
      "nombre": "Prestaciones",
      "contenido": "Desarrollar un sistema de compensación eficaz y adecuado es una parte importante del proceso de la GRH, pues todos los empleados esperan recibir una compensación adecuada de parte del empleador. Estas compensaciones pueden ayudar a atraer y retener a individuos competentes y talentosos que ayuden a la organización a lograr su misión y objetivos.<br>Los gerentes deben desarrollar un sistema de compensación que refleje la naturaleza cambiante del trabajo y del lugar de trabajo para mantener motivado al personal. La compensación organizacional incluye distintos tipos de recompensas y prestaciones, como sueldos y salarios base, aumentos de salarios y sueldos, pagos de incentivos y otras prestaciones y servicios. La pregunta es, ¿Cómo se determina quien recibe y por qué motivo recibe una prestación? Existen diversos criterios para saber si se aplica o no una prestación, algunas de ellas son: Ocupación y desempeño del empleado, tipo de trabajo realizado, tipo de empresa, sindicalización, énfasis en la mano de obra o capital, filosofía gerencial, ubicación geográfica, rentabilidad de la empresa, tamaño de empresa, entre otras.<br>Aunque muchos factores influyen en el diseño del sistema de compensación de una organización, la flexibilidad es un factor clave por tomar en cuenta. El enfoque tradicional para pagar al personal reflejó una época de estabilidad laboral cuando la antigüedad y el nivel de empleo determinaban en forma considerable el pago de un empleado. Dados los ambientes dinámicos que muchas organizaciones enfrentan, donde las destrezas que son fundamentales para el éxito organizacional pueden cambiar en cuestión de meses, la tendencia es diseñar sistemas de pago más flexibles y reducir el número de niveles de pago. Sin embargo, cualquiera que sea el enfoque que tomen, los gerentes deben establecer un sistema de compensación justo, equitativo y motivador que permita a la organización reclutar y mantener una fuerza laboral productiva."
    },
    {
      "nombre": "Prestaciones",
      "tipo": "imagen",
      "url": "multimedia/images/prestacion.jpg"
    }
  ]
}
