{
  "nombre": "Alta Dirección ",
  "descripcion": "Descripcion de areas Funcionales de una empresa",
  "referencias": "1.  http://www.boe.es/buscar/act.php?id=BOE-A-1985-17006<br><br>2.  Rubio “Introducción a la gestión empresarial” Unión Europea: Instituto Europeo De Gestión Empresarial<br><br>3.Daft “Teoría Y diseño Organizacional” Cengage Learning<br><br>",
  "contenido": [
    {
      "nombre": "Introduccion",
      "contenido": "Se considera a la alta dirección como el puesto más importante dentro de una corporación exitosa pero comencemos por tratar definiciones formales como la siguiente:<br><br>El artículo 1.2 del Real Decreto 1382/1985 define al personal de alta dirección como:<br><br>Se considera personal de alta dirección a aquellos trabajadores que ejercitan poderes inherentes a la titularidad jurídica de la empresa, y relativos a los objetivos generales de la misma, con autonomía y plena responsabilidad solo limitadas por los criterios e instrucciones directas emanadas de la persona o de los órganos superiores de gobierno y administración de la entidad que respectivamente ocupe aquella titularidad [1].<br><br>Asimismo sabemos que la relación existente entre la Gerencia y sus empleados se tiene a un objetivo en común:<br><br>El éxito en la gestión empresarial por el factor administrativo recae en la toma de decisiones de forma correcta ya que aunque los factores económicos externos que puedan causar un fracaso empresarial un excelente gestor no solo puede salvar a una empresa del fracaso sino también lograr con los criterios adecuados para la dirección un buen desempeño de su empresa."
    },
    {
      "nombre": "Peter F. Drucker (Imagen)",
      "tipo": "imagen",
      "url": "multimedia/images/Drucker.jpg"
    },
    {
      "nombre": "William J. Reddin (Imagen)",
      "tipo": "imagen",
      "url": "multimedia/images/Reddin.jpg"
    },
    {
      "nombre": "¿Por qué criterios hemos de valorar la actuación de la Dirección?",
      "contenido": " A medida que el lector se dispone a iniciar sus estudios probablemente se pregunte: ¿por qué estudiar economía? En realidad, la gente lo hace por razones muy diversas. Muchos esperan ganar dinero. Algunos se preocupan porque se les considerará analfabetos si no pueden comprender las leyes de oferta y demanda. Otros se interesan en saber cómo los ordenadores y la revolución informática están moldeando nuestra sociedad o por qué la desigualdad en la distribución del ingreso en Estados Unidos se ha incrementado tanto en los últimos años. Por quién doblan las campanas Todas estas razones, y muchas otras, tienen sentido. Aun así, como todos nos hemos dado cuenta, existe una razón muy importante para aprender las lecciones básicas de la economía: toda nuestra vida —desde la cuna hasta la tumba y más allá— nos enfrentaremos con las verdades brutales de la economía. Como votantes, tomaremos decisiones sobre cuestiones que no se pueden comprender Si no estudiamos economía, no podremos estar plenamente informados sobre el comercio internacional, el impacto económico de Internet o la disyuntiva entre inflación y desempleo. Elegir la profesión a la que vamos a dedicarnos toda nuestra vida constituye la decisión económica más importante que haremos. Nuestro futuro depende no solamentede nuestras habilidades, sino también de la manera en que fuerzas económicas fuera de nuestro control afectan nuestros salarios. Además, el conocimiento que tengamos de economía puede ayudarnos a invertir los ingresos que ahorramos. Por supuesto que el estudio de la economía no nos convertirá en genios. Pero sin ella, los dados de la vida juegan en nuestra contra. No hay necesidad de extendernos sobre este punto. Esperamos que usted descubra que la economía, además de ser útil, constituye un campo fascinante por derecho menudo con sorp"
    },
    {
      "nombre": "GESTIÓN Y AUTORIDAD",
      "contenido": "La actuación del gerente lleva implícita ciertas habilidades para el mando lo que le permite actuar más allá de sus limitaciones normales.  En cualquier organización, la mayoría de los individuos desean, como es natural, que sus jefes se comporten de forma correcta, comprensiva y equitativa.  Sin embargo, es inevitable que los gerentes tengan que hacer y decir cosas que pueden ser consideradas rígidas e injustas.<br><br>William J. Reddin [IMG2] desarrollo una teoría múltiple sobre la eficacia de la gerencia e identificó cuatro estilos básicos de comportamiento: <br><br>  Un estilo indiferente, que muestra poco interés tanto por el personal como por las tareas. <br><br>Un estilo convergente, que demuestra mucho interés por el personal pero no por las tareas. <br><br>Un estilo concordante, que es lo opuesto al estilo convergente. <br><br>Un estilo integral, que demuestra un alto nivel de un interés por el personal y las tareas. <br><br>Cualquiera de los cuatro estilos puede ser eficiente dependiendo de las circunstancias particulares en las cuales son aplicados.  <br><br><br><br>Reddin identificó otra dimensión que denominó: <br><br>Eficacia de la gerencia, la medida por la cual un gerente tiene éxito al reunir los requisitos adecuados a cada situación."
    },
    {
      "nombre": "EFICACIA",
      "contenido": "El gerente de una empresa tiene la responsabilidad de que las cosas se realicen correctamente y sin fallos. Las tres “P’s” es un lema utilizado para acentuar la obligación del gerente en la búsqueda de mejoras y son: <br><br>Performance  =  ACTUACIÓN <br><br>Productivity  =PRODUCTIVIDAD<br><br>Profitability = BENEFICIOS <br><br>Los cuales representan los aspectos más significativos de los procedimientos de trabajo de la gerencia. <br><br><br><br>Actuación, es la obligación  del gerente de lograr una correcta y acertada aplicación de los recursos económicos. Esto lo puede conseguir ajustándose en lo posible a las especificaciones contempladas en los estados de rendimiento: presupuestos, metas, objetivos y programas específicos, todo ello enmarcado en la realización de acciones eficientes en todas las actividades de la empresa. <br><br>Productividad, el gerente debe seleccionar las mejores técnicas de gestión para mejorar los procedimientos o métodos de trabajo. <br><br>Beneficios, la obligación de la gerencia de la utilización de los recursos económicos a través de una acertada política de costes que aumente la ventaja competitiva de la empresa. <br><br>Para poder cumplir correctamente en estas premisas, el gerente precisa a su vez disponer de una información veraz y coherente. <br><br>"
    },
    {
      "nombre": "NIVELES DE ACTUACIÓN",
      "contenido": "La información es una herramienta fundamental para el gerente y esta le permite tomar importantes y delicadas decisiones. Necesita Datos y Cifras que le ayuden a decidir correctamente para que estas decisiones desemboquen en operaciones efectivas. <br><br> Las nuevas aplicaciones tecnológicas y mediante la informática de gestión posibilitan el desarrollo en el procesamiento de la información con una mayor calidad y precisión. <br><br>  Lo que no cabe duda es que los niveles de actuación se establecen más fácilmente cuando algún tipo de actividad física está presente.  Es muy difícil establecer niveles de actuación en los dirigentes cuando sus trabajos son muy variados y prevalece más la actividad intelectual que la física. <br><br>Como algunos ejemplos tenemos: <br><br>Del Director Comercial se espera que cumpla las cifras de ventas a un nivel mínimo exigido. <br><br>  Al Director de Producción que mantenga el tiempo de ejecución de los trabajos por debajo de las previsiones. <br><br>Cuando establecemos metas cualitativas para la gerencia, pueden existir muchos factores que pueden impedir que el gerente logre sus objetivos, porque éstos están fuera de su control. <br><br> Nos encontramos nuevamente ante otra paradoja, porque si establecemos metas cuantitativas como medida de la actuación del gerente, muchas veces dependerá de la “suerte” y no de sus habilidades.  Sin embargo, en ausencia de otra alternativa más adecuada, la posibilidad de lograr metas cualitativas, es todavía una de las áreas fundamentales de la medida de actuación de la gerencia."
    },
    {
      "nombre": "ÁREAS CLAVES DE LA ACTUACIÓN DIRECTIVA",
      "contenido": "Un líder no nace de la noche a la mañana. Si se planifica con la suficiente antelación, una empresa puede contratar a una persona con talento para formarla con un objetivo fijado. Si el directivo desarrolla las habilidades adecuadas, podrá lograr el apoyo de los que le rodean para acometer el proyecto para el que se le ha preparado durante varios años. <br><br> El gerente se enfrenta continuamente a las estrategias competitivas de los mercados y por ello tiene que tomar importantes decisiones y ésta es una de las misiones vitales de la empresa.  Esta situación es el fiel reflejo del ambiente competitivo del mundo de los negocios en el que operan muchas empresas y donde todas ellas aportan soluciones creativas, prácticas y agresivas para incrementar su presencia en el mercado. <br><br>  Es pues la calidad y consistencia de las decisiones del gerente los atributos claves de su actuación.  Los empleados de una empresa se sentirán muy inseguros con una Dirección irregular en su comportamiento y que cambia continuamente de decisiones en función de su estado anímico. <br><br>  La integridad es una función primaria de la gerencia, aunque lamentablemente es una virtud muy escasa. <br><br>En una empresa donde exista una falta de integridad en los niveles jerárquicos superiores, la podríamos comparar con un árbol que se está muriendo de arriba hacia abajo, y su enfermedad puede contagiar todo el bosque. <br><br>Los principios de conducta y responsabilidad necesitan mantenerse de forma permanente en la Gerencia, predicando siempre con el ejemplo.  Si la Dirección practica un estilo de dirección participativa que requiere que los trabajadores acepten y hagan buen uso de la autoridad que se les delega, deben establecerse al mismo tiempo lo niveles esperados de su actuación. <br><br><br><br>Es importante respetar a los individuos y su trabajo, y tener la habilidad suficiente para tratar correctamente los problemas personales y los del grupo, relacionado con la tarea que se les ha encomendado.  No obstante, las cualidades personales del mando dependen según cada actuación, y la habilidad de hacer que otros hagan lo que se les requiere, debe ir siempre acompañada de una acusada personalidad por parte del gerente."
    },
    {
      "nombre": "LA SELECCIÓN DEL PERSONAL CLAVE",
      "contenido": "La selección y promoción del personal son las decisiones más importantes que un gerente ha de tomar. <br><br> De una forma muy sucintamente indicativa a continuación detallamos las bases sobre las cuales se debe enfocar este trabajo: <br><br><br><br>Identificación  el objetivo deseado. <br><br>Cómo elegir el candidato idóneo. <br><br>Revisión de los datos aportados por el aspirante. <br><br> Preparación de las preguntas para la entrevista. <br><br>Condiciones del entorno de la misma. <br><br>La entrevista en sí (como parte central del proceso). <br><br>A quién se debe ofrecer el puesto. <br><br>Relaciones contractuales."
    },
    {
      "nombre": "Concluciones",
      "contenido": "Las habilidades de un gerente eficaz dentro de una gestión empresarial cualquiera deben ser no solo un estándar, sino además por el hecho de que una buena gestión se respalda no solo en el gerente sino en la constante toma correcta de decisiones del equipo encargado de la dirección de la empresa, asimismo existen modelos burocráticos los cuales no son viables por el razonamiento que manejan, existen los modelos nuevos que se basan más en habilidades de sus empleados que en antigüedad (Modelo Burocrático) y también existen los modelos paternalistas orientales (Japoneses) los cuales podrían dañar a la empresa en sí pero han funcionado de forma muy efectiva en esos países si tomamos en cuenta la actualidad de las empresas japonesas transnacionales."
    },
    {
      "nombre": "Preguntas",
      "contenido": "1.  Resuma los cuatros estilos básicos de la Gerencia identificados por Reddin.<br><br>2.  ¿Qué son las “tres P’s”? <br><br>3.  ¿Qué similitud existe entre la falta de integridad de la Gerencia con un árbol moribundo? <br><br>4.  La práctica de las empresas japonesas de mantener los puestos de trabajo de “por vida” ¿Cómo afecta a su política de personal? <br><br>5.  ¿Sobre qué factores debe basarse el gerente para seleccionar a su personal?"
    }
  ]
}
