{
  "nombre": "Introduccion a la Economia",
  "descripcion": "Introduccion a las habilidades directivas de un Gerente efectivo",
  "referencias": "1.  Rubio “Introducción a la gestión empresarial” Unión Europea: Instituto Europeo De Gestión Empresarial<br><br>2.  Daft “Teoría Y diseño Organizacional” Cengage Learning
",
  "contenido": [
    {
      "nombre": "Introduccion",
      "contenido": "Dentro de las habilidades directivas de un director encontramos a un cumulo de talentos los cuales son Comunicación efectiva, Manejo del cambio, Liderazgo, Toma de decisiones, Manejo del conflicto, Negociación, Delegación de responsabilidades. En esta ultima empresario que dirige su empresa personalmente, no tiene necesidad de delegar. Si emplea a otras personas podrá delegar en ellos algunas funciones, pero será él en definitiva quien tome las decisiones además a medida que el negocio o empresa vaya creciendo, la situación cambiará y entonces tendrá que nombrar a un Director Gerente en el que delegará su actividad, responsabilidad y el control de gestión de la empresa asimismo la responsabilidad de los resultados recae sobre el director de la empresa, donde también el manejo del cambio y del conflicto interno conocido como conflictos de poder, intereses etc."
    },
    {
      "nombre": "Cyert",
      "tipo": "imagen",
      "url": "multimedia/images/Cyert.jpg"
    },
    {
      "nombre": "Kast",
      "tipo": "imagen",
      "url": "multimedia/images/Kast.jpg"
    },
    {
      "nombre": "March",
      "tipo": "imagen",
      "url": "multimedia/images/March.jpg"
    },
    {
      "nombre": "Comunicacion efectiva",
      "contenido": "Uno de los factores más importantes de la empresa, es la correcta comunicación.  El problema más significativo de la gestión empresarial es la incapacidad manifiesta de la dirección para comunicarse con su personal y viceversa.  Algunos consultores atribuyen, como uno de los fracasos de la gestión, la falta de una  eficaz comunicación interna.<br><br>En primer lugar hemos de destacar que el concepto de comunicación efectiva es la interacción que se produce entre: <br><br>El emisor (que transmite) <br><br>El receptor (que escucha o recibe) <br><br>En muchos casos, es difícil conseguir una comprensión mutua porque los interlocutores no entienden que para conseguir una comunicación eficaz, ambos deben compartir el mismo conocimiento y la utilización de igual lenguaje. <br><br>Existen cuatro conceptos claves que deberemos aplicar siempre en nuestras comunicaciones. Esta ha de ser: <br><br>CLARA, para permitir que todas las partes puedan compartir y comprender las ideas. Probablemente éste es el aspecto más importante de una correcta comunicación y requiere mucha precisión y atención por parte del emisor. <br><br>Esta situación pone en dificultad al emisor para estructurar un buen mensaje y a veces, por comodidad, utiliza sus propios términos coloquiales y si el receptor no le entiende lo que dice, peor para él, es su problema. <br><br>Antes de iniciarnos en la práctica de una comunicación eficaz, tenemos que aceptar la responsabilidad de redactar el mensaje de forma fácil de entender o interpretar. No olvidemos que la comunicación debe buscar siempre la “percepción” por parte del receptor. <br><br>RÁPIDA, si no es así, el tiempo transcurrido puede desvirtuar el mensaje, e introduce otro concepto que se denomina “comunicación deformada”. <br><br>Un famoso ejemplo es aquel del comandante de un ejército que envió un mensaje a un mando inferior que decía “enviad refuerzos, vamos a avanzar”. Poco a poco se fue alterando el contenido del mensaje y debido a la mala comunicación y comprensión humana, llegó a transformarse en “hacer esfuerzos, vamos a danzar”. <br><br>CONCISA, para obtener un nivel óptimo de respuesta por parte del receptor. El comentario que realiza éste es un elemento esencial en el proceso de conseguir una mutua comprensión, es decir, que ésta sea compartida. Este proceso se le denomina con el término anglosajón feedback o reacción y aunque su planteamiento es simple, en la práctica es difícil conseguirlo. <br><br>Si prevemos que puedan existir problemas de lenguaje, resulta esencial que el receptor “parafrasee” el mensaje, es decir poniendo énfasis en las palabras recibidas y así asegurar el mutuo entendimiento evitando que puedan producirse errores de interpretación. <br><br>CORDIAL, es la base de toda buena comunicación y debe establecerse siempre que sea posible una correcta relación interpersonal.  Los problemas de entendimiento o interpretación del mensaje se deben resolver desde el inicio, con lo cual obtendremos más fácilmente el feedback y/o comentario de su contenido. <br><br>Los buenos ejecutivos establecen su trabajo a través de una correcta relación entre los miembros de un mismo equipo, donde las comunicaciones se establecen a través de un canal de comunicación muy personal. Un ejecutivo agradable, jovial y de trato exquisito, obtendrá el máximo éxito si en éste aspecto de la comunicación aplica correctamente los principios anteriormente explicados<br><br>La comunicación no es sólo enviar información, sino garantizar que la misma se recibe adecuadamente. La comunicación debe estructurarse de forma que: <br><br>Facilite las respuestas a unas propuestas, tareas o funciones con la posibilidad de que el receptor realice los comentarios que crea conveniente. <br><br>Dé al receptor la oportunidad de reformular sus preguntas con el fin de aclarar cualquier duda y también para que pueda aportarnos a su vez, cualquier información que nos sea útil. <br><br>La correcta comunicación, tanto sea formal o informal, es la clave para crear buenas relaciones dentro de una organización. Existen varias preguntas o dudas que a veces nos hemos de cuestionar respecto a la calidad de nuestras comunicaciones: <br><br>Lo importante no es lo que nosotros decimos sino lo que nuestros interlocutores oyen. Hay que tener presente que son individuos como nosotros y debemos adaptar la comunicación a su situación personal y/o necesidades. <br><br>Las reacciones se pueden basar más en los aspectos anímicos o emocionales que en la lógica. <br><br>Hemos de estar preparados a escuchar más que hablar. <br><br>¿Hemos creado la atmósfera propicia para que nuestro interlocutor tenga la oportunidad de que aporte sus puntos de vista e ideas? <br><br>¿Hemos comunicado a todos los que forman parte del proceso de comunicación lo que pretendemos conseguir y los progresos que hemos logrado? <br><br>¿Conocemos y utilizamos correctamente los recursos y canales de comunicación existentes?.<br><br>"
    },
    {
      "nombre": "Manejo del cambio",
      "contenido": "Un factor importante es la estrategia de comunicación es el cambio. La gente tiene cierta aversión a los cambios. La gestión tiene que tener en cuenta estas circunstancias para formular la estrategia de comunicación adecuada si se quiere inducir al personal sobre los cambios que se pueden producir. <br><br>Está demostrado que la resistencia al cambio será menor si se invita al personal a participar en el proceso de toma de decisiones que aceptará, consecuentemente, porque son parte de la misma. <br><br>Cuando necesitamos comunicar cualquier decisión con consecuencias importantes para nuestra empresa, y ello suponga un cambio sustancial en la gestión, deberemos prestar especial atención a la forma y momento de enfocar el proceso de comunicación. Muchas empresas que no lo hicieron en el momento adecuado se vieron abocadas a una serie de problemas y el proceso de implementación fue largo y costoso.<br><br>"
    },
    {
      "nombre": "Liderazgo",
      "contenido": "La teoría de Fiedler, sobre la cuestión del liderazgo, intenta enfrentarse a estos aspectos de la gestión y se basa en una serie de factores que inciden sobre el liderazgo eficaz, en función de una variedad de casos y situaciones. <br><br>Identificó tres dimensiones críticas  que pueden afectar a la calidad y eficacia del estilo de dirección. <br><br>La relación del líder con el grupo: Esta refleja el grado de confianza y respeto que el grupo siente por el dirigente y hasta que punto es atractiva e interesante la personalidad de éste. <br><br>La misión del líder: Las tareas estructuradas y el trabajo realizado con todo detalle, permite al líder influenciar sobre el grupo. <br><br>Poder de su posición: Es el grado de apoyo que el dirigente espera recibir de la organización y comprende dimensiones tales como: autoridad formal para realizar en nombre de la empresa todas las acciones encaminadas a una correcta gestión. <br><br>Fiedler también identificó dos estilos de liderazgo. <br><br>Un enfoque orientado a las tareas donde el líder busca que las mismas se lleven a cabo con eficacia y satisfacción. <br><br>Un enfoque orientado a los miembros de la organización donde el líder busca conseguir una posición de importancia personal La base del análisis de Fiedler es que al definir las dimensiones de las distintas situaciones en los términos indicados anteriormente, podremos determinar el estilo más eficiente de liderazgo. La posición más favorable para el líder lo constituye su relación interpersonal basada en el “compañerismo”.  Si el dirigente enfoca desde este aspecto su relación con el personal, también lo hará éste. <br><br>Si el líder orienta sus esfuerzos a colaborar en las tareas y en la productividad, también lo harán los subordinados <br><br>"
    },
    {
      "nombre": "Motivacion-Liderazgo",
      "tipo": "video",
      "url": "https://www.youtube.com/watch?v=61hHLmT29RA"
    },
    {
      "nombre": "Estilos de liderazgo",
      "tipo": "video",
      "url": "https://www.youtube.com/watch?v=QCUN-tmpuJY"
    },
    {
      "nombre": "Toma de decisiones",
      "contenido": 
      "Cyert y March desarrollaron una teoría sobre la toma de decisiones en su libro “Teoría Behaviorista de la Compañía” (behavior = comportamiento, conducta) donde la organización de la empresa está sostenida por dos vertientes esenciales, pero opuestas:<br><br>a). Un sistema de procesado de la información.<br><br>b). Un sistema de toma de decisiones.<br><br>Desde el punto de vista de estos autores, esta separación significa que cada sistema sigue fines distintos, con los que se llegan a determinar objetivamente las distintas prioridades dentro de cada departamento y por ello la necesidad de contar con profesionales para resolver los conflictos internos.<br><br>Estas personas son asignadas a los distintos departamentos donde deben detectar y solucionar  los problemas y para ello necesitan recibir puntualmente información de la Dirección General para basar en ellas sus decisiones.Por eso cada departamento valora sus propios objetivos como algo muy importante para el conjunto de la organización.<br><br>Estas teorías hacen hincapié en cuatro aspectos de la organización:<br><br>Resolución incompleta del conflicto: Se trata de una falta de acuerdo que lleva a soluciones intermedias pero admisibles, pero que no son la ideal ni la óptima.<br><br> Evitar la incertidumbre: Las personas procuran evitar solucionar los problemas que les supongan muchas dudas;  en su lugar prefieren resolver los problemas más urgentes.<br><br> Enfoque del trabajo centrado en el grado de dificultad: Esto desemboca en un intento de buscar soluciones que no se habían contemplado cuando el problema se detectó al principio.<br><br> Aprendizaje en la organización: Los ejecutivos de la empresa cambiarán o adaptarán sus fines en función de resultados de experiencias anteriores." 
    },
    {
      "nombre": "Manejo del conflicto",
      "contenido": 
      "Los problemas más comunes en la gestión empresarial: absentismo laboral, baja productividad, cambios continuos en las plantillas, mal clima y moral baja, etc. afectan directamente a la vida de los grupos primarios.  Este problema podríamos resolverlo,  si desde el inicio de las actividades empresariales realizamos una cuidadosa selección del personal.<br><br>Los trabajadores desean siempre formar parte de grupos en los que encuentren seguridad y donde sean debidamente reconocidas sus cualidades personales y profesionales.  Estas manifestaciones se expresan ante todo en términos de cómo se les considera en la empresa y estas consideraciones son más importantes desde el punto de vista social, que las demandas salariales. <br><br>Las quejas de los empleados no siempre se manifiestan o se basan en hechos, sino que aparecen sintomáticamente y hay que diagnosticarlos, como hacen los médicos. <br><br>Gran parte del procedimiento de las relaciones entre los trabajadores y la empresa, se ocupa de los puntos clave por los que los que tienen que pasar  todos los grupos, para tratar de resolver el conflicto sin interrumpir el trabajo normal de la empresa. <br><br>Por ejemplo, un procedimiento de quejas se negocia muchas veces entre la Dirección de la empresa y los representantes sindicales;  el objetivo de la empresa es retener y controlar el problema durante el tiempo necesario antes de que los trabajadores vayan a la conflictividad laboral.  Si se adoptan normas o procedimientos correctos para resolver el conflicto, podremos hallar soluciones al principio de los acontecimientos (quejas iniciales). <br><br>En un procedimiento típico inicial de quejas, se estipularán varios pasos: <br><br>La persona o grupo  presentará formalmente la queja al Director del Departamento. <br><br>Si el problema no se resuelve en primera instancia, el asunto pasará al representante sindical que concertará una entrevista entre las partes.<br><br>El paso siguiente, en caso de desacuerdo, se implicará a los mandos intermedios o encargados de mayor rango. <br><br>En el supuesto de no llegar a un acuerdo o que el caso sea grave, el asunto pasará a la Dirección General de la empresa, con la participación de los representantes sindicales o la intervención de arbitraje neutral. <br><br>En estos pasos previos se deben calcular los tiempos y las reglas necesarias para impedir que los trabajadores pasen a acciones contundentes, hasta no haber agotado todas las posturas o vías para resolver el conflicto y llegar a un acuerdo final."
    },
    {
      "nombre": "Negociación",
      "contenido": 
      "La negociación y la discusión son los instrumentos utilizados por ambas partes del conflicto para su resolución.  Ambos antagonistas se sientan a negociar con el fin de alcanzar los acuerdos que beneficien mutuamente tanto a la empresa como a los trabajadores.<br><br>Los negociadores para ser efectivos, necesitan: <br><br>Decidir lo que desean obtener, lo que es prudente aceptar y hasta dónde puede llegar su oferta de colaboración. <br><br>Indicar con claridad y firmeza desde el inicio, lo que se demanda o reivindica. <br><br>Formular las cuestiones clave para establecer los requisitos mínimos y máximos y las áreas donde incidirán los resultados. <br><br>Estar dispuesto para hacer concesiones en puntos o factores no esenciales. <br><br>Trabajar en la dirección adecuada para que el acuerdo final beneficie a a La negociación y la discusión son los instrumentos utilizados por ambas partes del conflicto para su resolución.  Ambos antagonistas se sientan a negociar con el fin de alcanzar los acuerdos que beneficien mutuamente tanto a la empresa como a los trabajadores. <br><br>Los negociadores para ser efectivos, necesitan: <br><br>Decidir lo que desean obtener, lo que es prudente aceptar y hasta dónde puede llegar su oferta de colaboración. <br><br>Indicar con claridad y firmeza desde el inicio, lo que se demanda o reivindica. <br><br>Formular las cuestiones clave para establecer los requisitos mínimos y máximos y las áreas donde incidirán los resultados. <br><br>Estar dispuesto para hacer concesiones en puntos o factores no esenciales. <br><br>Trabajar en la dirección adecuada para que el acuerdo final beneficie a ambas partes. <br><br>Estar preparado para ofrecer un acuerdo donde las objeciones de cada parte sean coincidentes. <br><br>La negociación es un arte y una habilidad.  Algunos gestores tienen una gran dificultad para estas cuestiones, pero todos ellos pueden mejorar su eficacia si aplican reglas basadas en la buena disposición y sentido común."
    },
    {
      "nombre": "Delegación de responsabilidades",
      "contenido": 
      "La delegación de responsabilidad y autoridad a los empleados es visto por muchos gerentes como una estrategia que implica cierto riesgo y, para que llegue a funcionar con éxito, los mecanismos de control deberán ser más eficientes. <br><br>Kast y Rosenzweig definieron el término control como: “ la fase del proceso de la dirección por la cual ésta mantiene la actividad de la empresa dentro de los límites establecidos de acuerdo a las expectativas de la misma dentro de su mercado objetivo”.<br><br>Estas expectativas pueden ser: <br><br>Implícitas, es decir, lo que se desea hacer. <br><br>Explícitas, en términos de: planes, procedimientos, normas reguladoras de la actividad, etc. <br><br>Existen cuatro elementos dentro de esta definición: <br><br>1) Mantener constantemente la actividad de la empresa. <br><br>2) Prestar especial atención a los clientes establecidos. <br><br>3) Ejercer algún tipo de medida o contraste. <br><br>4) Comparar los resultados con las expectativas previstas. <br><br>Estos elementos de control definen los puntos básicos a tener en cuenta en todos los sistemas de control implantados. <br><br>Existen algunas actividades en la empresa a las cuales se les asignan distintos niveles de actuación esperados.  En el proceso de la actividad se marcan inicialmente unas medidas estandarizadas que posteriormente son comparadas y valoradas con las que definitivamente se han alcanzado. <br><br>La función del control es hacer que los sistemas operen del modo más eficaz posible."
    },
    {
      "nombre": "Preguntas",
      "contenido": 
      "1. ¿Qué estrategia de comunicación implantaremos en una empresa que desee introducir cambios significativos en este campo?<br><br>2.  Que se necesita para ser un negociador efectivo<br><br>3.  ¿Qué significa: “liderazgo de la situación”?<br><br>4.  Defina el término “control”.<br><br>5.  Como pueden ser las expectativas.
"
    }
  ]
}
